production_companies,original_title,budget_adj_millions,genres
Truenorth Productions,Star Wars: The Force Awakens,184.00 million,"['Action', 'Adventure', 'Science Fiction', 'Fantasy']"
Skydance Productions,Terminator Genisys,142.60 million,"['Science Fiction', 'Action', 'Thriller', 'Adventure']"
Walt Disney Studios Motion Pictures,Inside Out,161.00 million,"['Comedy', 'Animation', 'Family']"
B24,Spectre,225.40 million,"['Action', 'Adventure', 'Crime']"
Revolution Sun Studios,Avengers: Age of Ultron,257.60 million,"['Action', 'Adventure', 'Science Fiction']"
Walt Disney Studios Motion Pictures,The Hunger Games: Mockingjay - Part 2,147.20 million,"['War', 'Adventure', 'Science Fiction']"
Babieka,Tomorrowland,174.80 million,"['Action', 'Family', 'Science Fiction', 'Adventure', 'Mystery']"
A113,Tomorrowland,174.80 million,"['Action', 'Family', 'Science Fiction', 'Adventure', 'Mystery']"
Skydance Productions,Mission: Impossible - Rogue Nation,138.00 million,['Action']
China Movie Channel,Mission: Impossible - Rogue Nation,138.00 million,['Action']
TC Productions,Mission: Impossible - Rogue Nation,138.00 million,['Action']
Marvel Entertainment,Fantastic Four,110.40 million,"['Action', 'Adventure', 'Science Fiction']"
Moving Picture Company (MPC),Fantastic Four,110.40 million,"['Action', 'Adventure', 'Science Fiction']"
Roth Films,In the Heart of the Sea,92.00 million,"['Thriller', 'Drama', 'Adventure', 'Action', 'History']"
Moving Picture Company (MPC),Pan,138.00 million,"['Adventure', 'Family', 'Fantasy']"
Berlanti Productions,Pan,138.00 million,"['Adventure', 'Family', 'Fantasy']"
Infinitum Nihil,Black Mass,48.76 million,"['Crime', 'Drama']"
Disruption Entertainment,The SpongeBob Movie: Sponge Out of Water,68.08 million,"['Family', 'Animation']"
Moving Picture Company (MPC),Victor Frankenstein,36.80 million,"['Drama', 'Science Fiction', 'Thriller']"
Centropolis Entertainment,Stonewall,12.42 million,['Drama']
Syncopy,Interstellar,151.98 million,"['Adventure', 'Drama', 'Science Fiction']"
Moving Picture Company (MPC),Guardians of the Galaxy,156.59 million,"['Action', 'Science Fiction', 'Adventure']"
Bulletproof Cupid,Guardians of the Galaxy,156.59 million,"['Action', 'Science Fiction', 'Adventure']"
Revolution Sun Studios,Guardians of the Galaxy,156.59 million,"['Action', 'Science Fiction', 'Adventure']"
3Foot7,The Hobbit: The Battle of the Five Armies,230.27 million,"['Adventure', 'Fantasy']"
Moving Picture Company (MPC),Night at the Museum: Secret of the Tomb,116.98 million,"['Adventure', 'Comedy', 'Fantasy', 'Family']"
Donners' Company,X-Men: Days of Future Past,230.27 million,"['Action', 'Adventure', 'Fantasy', 'Science Fiction']"
Marvel Entertainment,X-Men: Days of Future Past,230.27 million,"['Action', 'Adventure', 'Fantasy', 'Science Fiction']"
Hasbro,Transformers: Age of Extinction,193.43 million,"['Science Fiction', 'Action', 'Adventure']"
Avi Arad Productions,The Amazing Spider-Man 2,184.22 million,"['Action', 'Adventure', 'Fantasy']"
Matt Tolmach Productions,The Amazing Spider-Man 2,184.22 million,"['Action', 'Adventure', 'Fantasy']"
Viz Media,Edge of Tomorrow,163.95 million,"['Action', 'Science Fiction']"
Babieka,Exodus: Gods and Kings,128.95 million,"['Adventure', 'Drama', 'Action']"
Volcano Films,Exodus: Gods and Kings,128.95 million,"['Adventure', 'Drama', 'Action']"
Disruption Entertainment,Godzilla,147.37 million,"['Action', 'Science Fiction', 'Thriller']"
Roth Films,Maleficent,165.80 million,"['Fantasy', 'Adventure', 'Action', 'Family', 'Romance']"
Hasbro,Ouija,4.61 million,['Horror']
Mad Hatter Entertainment,How to Train Your Dragon 2,133.56 million,"['Fantasy', 'Action', 'Adventure', 'Animation', 'Comedy']"
Moving Picture Company (MPC),Seventh Son,87.50 million,"['Adventure', 'Fantasy']"
Disruption Entertainment,Noah,115.14 million,"['Drama', 'Adventure']"
Skydance Productions,Jack Ryan: Shadow Recruit,55.27 million,"['Action', 'Drama', 'Thriller']"
Syncopy,Transcendence,92.11 million,"['Thriller', 'Science Fiction', 'Drama', 'Mystery']"
Constantin Film International,Pompeii,119.74 million,"['Action', 'Adventure', 'History', 'Romance', 'Drama']"
Roth Films,Sabotage,32.24 million,"['Action', 'Drama', 'Thriller', 'Crime']"
Jerry Bruckheimer Films,Deliver Us from Evil,27.63 million,"['Thriller', 'Crime', 'Horror']"
Roth Films,Heaven is for Real,11.05 million,['Drama']
Walt Disney Studios Motion Pictures,Earth to Echo,11.97 million,"['Family', 'Adventure', 'Science Fiction']"
Lightstorm Entertainment,Avatar,240.89 million,"['Action', 'Adventure', 'Fantasy', 'Science Fiction']"
MavroCine Pictures GmbH & Co. KG,Star Trek,152.46 million,"['Science Fiction', 'Action', 'Adventure']"
The Halcyon Company,Terminator Salvation,203.28 million,"['Drama', 'Action', 'Thriller', 'Science Fiction']"
Centropolis Entertainment,2012,203.28 million,"['Action', 'Adventure', 'Science Fiction']"
Farewell Productions,2012,203.28 million,"['Action', 'Adventure', 'Science Fiction']"
Skylark Productions,Angels & Demons,152.46 million,"['Thriller', 'Mystery']"
Hasbro,G.I. Joe: The Rise of Cobra,177.87 million,"['Adventure', 'Action', 'Thriller', 'Science Fiction']"
Kontsept Film Company,G.I. Joe: The Rise of Cobra,177.87 million,"['Adventure', 'Action', 'Thriller', 'Science Fiction']"
Museum Canada Productions,Night at the Museum: Battle of the Smithsonian,152.46 million,"['Adventure', 'Fantasy', 'Action', 'Comedy', 'Family']"
Jerry Bruckheimer Films,G-Force,152.46 million,"['Fantasy', 'Action', 'Adventure', 'Family', 'Comedy']"
Whamaphram Productions,G-Force,152.46 million,"['Fantasy', 'Action', 'Adventure', 'Family', 'Comedy']"
Jerry Bruckheimer Films,Confessions of a Shopaholic,40.66 million,"['Comedy', 'Romance']"
Wild Things Productions,Where the Wild Things Are,101.64 million,"['Family', 'Fantasy']"
Sid & Marty Krofft Pictures,Land of the Lost,101.64 million,"['Adventure', 'Comedy', 'Science Fiction']"
One Race Productions,Fast & Furious,86.39 million,"['Action', 'Crime', 'Drama', 'Thriller']"
Donners' Company,X-Men Origins: Wolverine,152.46 million,"['Adventure', 'Action', 'Thriller', 'Science Fiction']"
Star Overseas,Dragonball Evolution,101.64 million,"['Action', 'Adventure', 'Fantasy', 'Science Fiction', 'Thriller']"
Syncopy,Inception,160.00 million,"['Action', 'Thriller', 'Science Fiction', 'Mystery', 'Adventure']"
Roth Films,Alice in Wonderland,200.00 million,"['Family', 'Fantasy', 'Adventure']"
Mad Hatter Entertainment,How to Train Your Dragon,165.00 million,"['Fantasy', 'Adventure', 'Animation', 'Family']"
Sean Bailey Productions,TRON: Legacy,170.00 million,"['Adventure', 'Action', 'Science Fiction']"
Revolution Sun Studios,TRON: Legacy,170.00 million,"['Adventure', 'Action', 'Science Fiction']"
Jerry Bruckheimer Films,Prince of Persia: The Sands of Time,150.00 million,"['Adventure', 'Fantasy', 'Action', 'Romance']"
Skydance Productions,True Grit,38.00 million,"['Drama', 'Adventure', 'Western']"
Moving Picture Company (MPC),Clash of the Titans,125.00 million,"['Adventure', 'Fantasy', 'Action']"
Jerry Bruckheimer Films,The Sorcerer's Apprentice,150.00 million,"['Fantasy', 'Adventure', 'Action', 'Comedy', 'Drama']"
Junction Entertainment,The Sorcerer's Apprentice,150.00 million,"['Fantasy', 'Adventure', 'Action', 'Comedy', 'Drama']"
Pink Machine,Knight and Day,117.00 million,"['Action', 'Comedy']"
DreamWorks Television,The Pacific,120.00 million,"['War', 'Drama', 'Action', 'Adventure', 'History']"
Boram Entertainment Inc.,The Warrior's Way,425.00 million,"['Adventure', 'Fantasy', 'Action', 'Western', 'Thriller']"
Karol Film Productions,Sleepy Hollow,130.91 million,"['Drama', 'Fantasy', 'Thriller', 'Mystery']"
Kaitz Productions,The Insider,117.81 million,"['Drama', 'Thriller']"
Mann/Roth Productions,The Insider,117.81 million,"['Drama', 'Thriller']"
Global Medien KG,Stuart Little,174.10 million,['Fantasy']
Franklin/Waterman Productions,Stuart Little,174.10 million,['Fantasy']
"Todman, Simon, LeMasters Productions",Wild Wild West,222.54 million,"['Action', 'Adventure', 'Comedy', 'Drama', 'Science Fiction']"
Sonnenfeld Josephson Worldwide Entertainment,Wild Wild West,222.54 million,"['Action', 'Adventure', 'Comedy', 'Drama', 'Science Fiction']"
Radiant Productions,Bicentennial Man,130.91 million,"['Comedy', 'Science Fiction']"
Tiger Productions,Message in a Bottle,104.72 million,['Drama']
Richard Purdum Productions,Fantasia 2000,104.72 million,"['Music', 'Animation', 'Family', 'Fantasy']"
Walt Disney Feature Animation,Fantasia 2000,104.72 million,"['Music', 'Animation', 'Family', 'Fantasy']"
Donners' Company,Any Given Sunday,72.00 million,['Drama']
Jerry Bruckheimer Films,Pearl Harbor,172.41 million,"['History', 'Romance', 'War']"
Imhotep Productions,The Mummy Returns,120.69 million,"['Action', 'Adventure', 'Drama', 'Fantasy', 'Horror']"
Walt Disney Feature Animation,Atlantis: The Lost Empire,147.78 million,"['Animation', 'Family', 'Adventure', 'Science Fiction']"
Jerry Bruckheimer Films,Black Hawk Down,113.30 million,"['Action', 'History', 'War']"
Jonathan Krane Group,Swordfish,125.61 million,"['Action', 'Crime', 'Thriller']"
Trackform Film Productions,Driven,115.76 million,['Action']
Syncopy,The Dark Knight,187.37 million,"['Drama', 'Action', 'Crime', 'Thriller']"
MVL Incredible Productions,The Incredible Hulk,151.92 million,"['Science Fiction', 'Action', 'Adventure']"
Centropolis Entertainment,"10,000 BC",106.34 million,"['Adventure', 'Action', 'Drama', 'Fantasy']"
Ozumi Films,The Chronicles of Narnia: Prince Caspian,227.88 million,"['Adventure', 'Family', 'Fantasy']"
Propeler,The Chronicles of Narnia: Prince Caspian,227.88 million,"['Adventure', 'Family', 'Fantasy']"
Donners' Company,Semi-Pro,22.72 million,['Comedy']
Moving Picture Company (MPC),Harry Potter and the Deathly Hallows: Part 2,121.17 million,"['Adventure', 'Family', 'Fantasy']"
Jerry Bruckheimer Films,Pirates of the Caribbean: On Stranger Tides,368.37 million,"['Adventure', 'Action', 'Fantasy']"
Moving Picture Company (MPC),Pirates of the Caribbean: On Stranger Tides,368.37 million,"['Adventure', 'Action', 'Fantasy']"
Marvel Entertainment,Thor,145.41 million,"['Adventure', 'Fantasy', 'Action']"
Skydance Productions,Mission: Impossible - Ghost Protocol,140.56 million,"['Action', 'Thriller', 'Adventure']"
TC Productions,Mission: Impossible - Ghost Protocol,140.56 million,"['Action', 'Thriller', 'Adventure']"
Revolution Sun Studios,Mission: Impossible - Ghost Protocol,140.56 million,"['Action', 'Thriller', 'Adventure']"
Total Entertainment,The Twilight Saga: Breaking Dawn - Part 1,106.63 million,"['Adventure', 'Fantasy', 'Romance']"
TSBD Canada Productions,The Twilight Saga: Breaking Dawn - Part 1,106.63 million,"['Adventure', 'Fantasy', 'Romance']"
Zohar International,The Twilight Saga: Breaking Dawn - Part 1,106.63 million,"['Adventure', 'Fantasy', 'Romance']"
Blind Wink,Rango,130.87 million,"['Animation', 'Comedy', 'Family', 'Western', 'Adventure']"
Infinitum Nihil,Hugo,164.80 million,"['Adventure', 'Drama', 'Family']"
Marvel Entertainment,Ghost Rider: Spirit of Vengeance,55.26 million,"['Action', 'Fantasy', 'Thriller']"
Dr D Studios,Happy Feet Two,126.02 million,"['Music', 'Family', 'Animation', 'Comedy']"
Kennedy Miller Mitchell,Happy Feet Two,126.02 million,"['Music', 'Family', 'Animation', 'Comedy']"
Infinitum Nihil,The Rum Diary,43.62 million,"['Drama', 'Comedy']"
Hasbro,Transformers: Dark of the Moon,189.03 million,"['Action', 'Science Fiction', 'Adventure']"
Indochina Productions,Transformers: Dark of the Moon,189.03 million,"['Action', 'Science Fiction', 'Adventure']"
One Race Productions,Fast Five,121.17 million,"['Action', 'Thriller', 'Crime']"
Donners' Company,X-Men: First Class,155.10 million,"['Action', 'Science Fiction', 'Adventure']"
MIRACLE Productions GmbH & Co. KG,Harry Potter and the Chamber of Secrets,121.23 million,"['Adventure', 'Fantasy', 'Family']"
Blue Tulip Productions,Minority Report,123.65 million,"['Action', 'Thriller', 'Science Fiction', 'Mystery']"
Walt Disney Feature Animation,Lilo & Stitch,96.98 million,['Animation']
Walt Disney Feature Animation,Treasure Planet,169.72 million,"['Adventure', 'Animation', 'Family', 'Fantasy', 'Science Fiction']"
Alberto Grimaldi Productions,Gangs of New York,121.23 million,"['Drama', 'History', 'Crime']"
Hacienda Productions,Collateral Damage,103.04 million,"['Action', 'Thriller', 'Drama']"
Blue Tulip Productions,Equilibrium,24.25 million,"['Action', 'Science Fiction', 'Thriller']"
National Geographic Society,K-19: The Widowmaker,121.23 million,"['Thriller', 'Drama', 'History']"
Centropolis Entertainment,Eight Legged Freaks,22.72 million,"['Action', 'Comedy', 'Horror', 'Thriller']"
Lightstorm Entertainment,Solaris,56.98 million,"['Drama', 'Science Fiction', 'Mystery', 'Romance']"
Jerry Bruckheimer Films,Bad Company,84.86 million,"['Action', 'Adventure', 'Comedy', 'Thriller']"
Walt Disney Feature Animation,The Lion King,66.20 million,"['Family', 'Animation', 'Drama']"
Lightstorm Entertainment,True Lies,169.18 million,"['Action', 'Thriller']"
Syncopy,The Dark Knight Rises,237.44 million,"['Action', 'Crime', 'Drama', 'Thriller']"
Captivate Entertainment,The Bourne Legacy,123.47 million,"['Action', 'Thriller']"
Laura Ziskin Productions,The Amazing Spider-Man,204.20 million,"['Action', 'Adventure', 'Fantasy']"
Marvel Entertainment,The Amazing Spider-Man,204.20 million,"['Action', 'Adventure', 'Fantasy']"
Roth Films,Snow White and the Huntsman,161.46 million,"['Adventure', 'Fantasy', 'Drama']"
Skydance Productions,Jack Reacher,56.98 million,"['Crime', 'Drama', 'Thriller']"
TC Productions,Jack Reacher,56.98 million,"['Crime', 'Drama', 'Thriller']"
Hemisphere Media Capital,Men in Black 3,213.69 million,"['Action', 'Comedy', 'Science Fiction']"
Infinitum Nihil,Dark Shadows,142.46 million,"['Comedy', 'Fantasy']"
Hasbro,Battleship,198.50 million,"['Thriller', 'Action', 'Adventure', 'Science Fiction']"
Film 44,Battleship,198.50 million,"['Thriller', 'Action', 'Adventure', 'Science Fiction']"
Cott Productions,Wrath of the Titans,142.46 million,['Adventure']
"Furia de Titanes II, A.I.E.",Wrath of the Titans,142.46 million,['Adventure']
Skydance Productions,The Guilt Trip,37.99 million,['Comedy']
Jerry Bruckheimer Films,Pirates of the Caribbean: The Curse of the Black Pearl,165.95 million,"['Adventure', 'Fantasy', 'Action']"
Heineken Branded Entertainment,The Matrix Reloaded,177.80 million,"['Adventure', 'Action', 'Thriller', 'Science Fiction']"
Disney Enterprises,Finding Nemo,111.42 million,"['Animation', 'Family']"
Walt Disney Feature Animation,Brother Bear,118.54 million,"['Animation', 'Adventure', 'Family', 'Fantasy']"
Donners' Company,Timeline,94.83 million,"['Action', 'Adventure', 'Science Fiction']"
Doom Buggy Productions,The Haunted Mansion,106.68 million,"['Thriller', 'Fantasy', 'Comedy', 'Family', 'Mystery']"
Jerry Bruckheimer Films,Kangaroo Jack,22.72 million,"['Comedy', 'Adventure', 'Crime']"
Jerry Bruckheimer Films,Veronica Guerin,20.15 million,"['Drama', 'Crime', 'Thriller']"
Donners' Company,X2,130.39 million,"['Adventure', 'Action', 'Science Fiction', 'Thriller']"
XM2 Productions,X2,130.39 million,"['Adventure', 'Action', 'Science Fiction', 'Thriller']"
Lightstorm Entertainment,Titanic,271.69 million,"['Drama', 'Romance', 'Thriller']"
Big Bug Pictures,Starship Troopers,142.64 million,"['Adventure', 'Action', 'Thriller', 'Science Fiction']"
Jerry Bruckheimer Films,Con Air,101.88 million,"['Action', 'Thriller', 'Crime']"
Hiett Designs of Las Vegas,Con Air,101.88 million,"['Action', 'Thriller', 'Crime']"
Runway Pictures Inc,Con Air,101.88 million,"['Action', 'Thriller', 'Crime']"
Blue Tulip Productions,Speed 2: Cruise Control,217.35 million,"['Action', 'Adventure', 'Thriller']"
South Side Amusement Company,Contact,122.26 million,"['Drama', 'Science Fiction', 'Mystery']"
Radiant Productions,Air Force One,115.47 million,"['Action', 'Thriller']"
Disney Double Dare You (DDY),Pacific Rim,168.49 million,"['Action', 'Science Fiction', 'Adventure']"
Indochina Productions,Pacific Rim,168.49 million,"['Action', 'Science Fiction', 'Adventure']"
Monolith Pictures (III),Oblivion,112.32 million,"['Action', 'Science Fiction', 'Adventure', 'Mystery']"
Syncopy,Man of Steel,210.61 million,"['Action', 'Adventure', 'Fantasy', 'Science Fiction']"
Skydance Productions,Star Trek Into Darkness,177.85 million,"['Action', 'Adventure', 'Science Fiction']"
One Race Productions,Riddick,35.57 million,"['Science Fiction', 'Action', 'Thriller']"
Skydance Productions,World War Z,187.21 million,"['Action', 'Drama', 'Horror', 'Science Fiction', 'Thriller']"
Hemisphere Media Capital,World War Z,187.21 million,"['Action', 'Drama', 'Horror', 'Science Fiction', 'Thriller']"
Apparatus Productions,World War Z,187.21 million,"['Action', 'Drama', 'Horror', 'Science Fiction', 'Thriller']"
Chartoff Productions,Ender's Game,102.96 million,"['Science Fiction', 'Action', 'Adventure']"
Digital Domain,Ender's Game,102.96 million,"['Science Fiction', 'Action', 'Adventure']"
Hasbro,G.I. Joe: Retaliation,121.68 million,"['Adventure', 'Action', 'Science Fiction', 'Thriller']"
Skydance Productions,G.I. Joe: Retaliation,121.68 million,"['Adventure', 'Action', 'Science Fiction', 'Thriller']"
Moving Picture Company (MPC),47 Ronin,163.81 million,"['Action', 'Adventure', 'Fantasy']"
Centropolis Entertainment,White House Down,140.41 million,"['Action', 'Drama', 'Thriller']"
Jerry Bruckheimer Films,The Lone Ranger,238.69 million,"['Action', 'Adventure', 'Western']"
Infinitum Nihil,The Lone Ranger,238.69 million,"['Action', 'Adventure', 'Western']"
Silver Bullet Productions (II),The Lone Ranger,238.69 million,"['Action', 'Adventure', 'Western']"
Blind Wink Productions,The Lone Ranger,238.69 million,"['Action', 'Adventure', 'Western']"
Roth Films,Oz: The Great and Powerful,187.21 million,"['Fantasy', 'Adventure', 'Family']"
Laura Ziskin Productions,The Butler,23.40 million,['Drama']
Hemisphere Media Capital,The Smurfs 2,98.28 million,"['Fantasy', 'Family', 'Comedy', 'Animation']"
Donners' Company,The Wolverine,112.32 million,"['Action', 'Science Fiction', 'Adventure', 'Fantasy']"
Marvel Entertainment,The Wolverine,112.32 million,"['Action', 'Science Fiction', 'Adventure', 'Fantasy']"
One Race Productions,Fast & Furious 6,149.77 million,"['Action', 'Thriller', 'Crime']"
Hasbro,My Little Pony: Equestria Girls,22.72 million,"['Animation', 'Comedy', 'Family', 'Fantasy', 'Music']"
Calash Corporation,Santa Claus: The Movie,101.36 million,"['Adventure', 'Comedy', 'Fantasy', 'Science Fiction', 'Family']"
Patalex IV Productions Limited,Harry Potter and the Goblet of Fire,167.48 million,"['Adventure', 'Fantasy', 'Family']"
Syncopy,Batman Begins,167.48 million,"['Action', 'Crime', 'Drama']"
Kumar Mobiliengesellschaft mbH & Co. Projekt Nr. 3 KG,Fantastic Four,111.66 million,"['Action', 'Adventure', 'Fantasy', 'Science Fiction']"
Donners' Company,Constantine,111.66 million,"['Drama', 'Fantasy', 'Horror']"
Branded Entertainment/Batfilm Productions,Constantine,111.66 million,"['Drama', 'Fantasy', 'Horror']"
Walt Disney Feature Animation,Chicken Little,167.48 million,"['Animation', 'Family', 'Comedy']"
Big Primate Pictures,King Kong,231.13 million,"['Adventure', 'Drama', 'Action']"
Dutch Oven,Mr. & Mrs. Smith,122.82 million,"['Action', 'Comedy', 'Drama', 'Thriller']"
JC 23 Entertainment,Fun with Dick and Jane,111.66 million,['Comedy']
Laura Ziskin Productions,Stealth,150.74 million,['Action']
AFG Talons Productions,Stealth,150.74 million,['Action']
Desertlands Entertainment,Sahara,145.15 million,"['Action', 'Adventure', 'Comedy', 'Drama', 'Mystery']"
Jerry Bruckheimer Films,Pirates of the Caribbean: Dead Man's Chest,216.33 million,"['Adventure', 'Fantasy', 'Action']"
Second Mate Productions,Pirates of the Caribbean: Dead Man's Chest,216.33 million,"['Adventure', 'Fantasy', 'Action']"
Skylark Productions,The Da Vinci Code,135.21 million,"['Thriller', 'Mystery']"
Government of Malta,The Da Vinci Code,135.21 million,"['Thriller', 'Mystery']"
MI 3 Film,Mission: Impossible III,162.25 million,"['Adventure', 'Action', 'Thriller']"
Syncopy,The Prestige,43.27 million,"['Drama', 'Mystery', 'Thriller']"
Kingdom Feature Productions,Happy Feet,108.17 million,"['Music', 'Animation', 'Comedy', 'Family']"
Jerry Bruckheimer Films,DÃ©jÃ  Vu,81.13 million,"['Action', 'Thriller', 'Science Fiction']"
Motion Picture ETA Produktionsgesellschaft,Miami Vice,146.03 million,"['Action', 'Adventure', 'Crime', 'Thriller']"
Foqus Arte Digital,Miami Vice,146.03 million,"['Action', 'Adventure', 'Crime', 'Thriller']"
Metropolis Films,Miami Vice,146.03 million,"['Action', 'Adventure', 'Crime', 'Thriller']"
Irwin Allen Productions,Poseidon,173.07 million,"['Adventure', 'Action', 'Drama', 'Thriller']"
Radiant Productions,Poseidon,173.07 million,"['Adventure', 'Action', 'Drama', 'Thriller']"
Donners' Company,16 Blocks,59.49 million,"['Action', 'Adventure', 'Crime', 'Thriller']"
Skydance Productions,Flyboys,64.90 million,"['Action', 'Adventure', 'Drama', 'History', 'Romance']"
P of A Productions Limited,Harry Potter and the Prisoner of Azkaban,150.08 million,"['Adventure', 'Fantasy', 'Family']"
Radiant Productions,Troy,202.03 million,"['War', 'Adventure', 'Drama']"
Helena Productions,Troy,202.03 million,"['War', 'Adventure', 'Drama']"
Jerry Bruckheimer Films,National Treasure,115.44 million,"['Adventure', 'Action', 'Thriller', 'Mystery']"
Junction Entertainment,National Treasure,115.44 million,"['Adventure', 'Action', 'Thriller', 'Mystery']"
Universal CGI,The Polar Express,190.48 million,"['Animation', 'Adventure', 'Family', 'Fantasy']"
Centropolis Entertainment,The Day After Tomorrow,144.31 million,"['Action', 'Adventure', 'Science Fiction', 'Thriller']"
Laura Ziskin Productions,Spider-Man 2,230.89 million,"['Action', 'Adventure', 'Fantasy']"
Frantic Films,Catwoman,115.44 million,"['Action', 'Crime']"
Maple Shade Films,Catwoman,115.44 million,"['Action', 'Crime']"
Jerry Bruckheimer Films,King Arthur,138.53 million,"['Adventure', 'War', 'History']"
Green Hills Productions,King Arthur,138.53 million,"['Adventure', 'War', 'History']"
One Race Productions,The Chronicles of Riddick,121.22 million,"['Adventure', 'Action', 'Thriller', 'Science Fiction']"
Primal Foe Productions,The Chronicles of Riddick,121.22 million,"['Adventure', 'Action', 'Thriller', 'Science Fiction']"
Walt Disney Feature Animation,Home on the Range,126.99 million,"['Western', 'Animation', 'Family', 'Comedy', 'Music']"
Mostow/Lieberman Productions,Around the World in 80 Days,126.99 million,"['Action', 'Adventure', 'Comedy']"
80 Days Productions,Around the World in 80 Days,126.99 million,"['Action', 'Adventure', 'Comedy']"
Dovemead Films,Superman II,142.89 million,"['Action', 'Adventure', 'Fantasy', 'Science Fiction']"
Film Export A.G.,Superman II,142.89 million,"['Action', 'Adventure', 'Fantasy', 'Science Fiction']"
Jerry Bruckheimer Films,Pirates of the Caribbean: At World's End,315.50 million,"['Adventure', 'Fantasy', 'Action']"
Second Mate Productions,Pirates of the Caribbean: At World's End,315.50 million,"['Adventure', 'Fantasy', 'Action']"
Cool Music,Harry Potter and the Order of the Phoenix,157.75 million,"['Adventure', 'Fantasy', 'Family', 'Mystery']"
Harry Potter Publishing Rights,Harry Potter and the Order of the Phoenix,157.75 million,"['Adventure', 'Fantasy', 'Family', 'Mystery']"
Jerry Bruckheimer Films,National Treasure: Book of Secrets,136.72 million,"['Action', 'Adventure', 'Mystery', 'Thriller']"
Junction Entertainment,National Treasure: Book of Secrets,136.72 million,"['Action', 'Adventure', 'Mystery', 'Thriller']"
Sparkler Entertainment,National Treasure: Book of Secrets,136.72 million,"['Action', 'Adventure', 'Mystery', 'Thriller']"
Laura Ziskin Productions,Spider-Man 3,271.33 million,"['Fantasy', 'Action', 'Adventure']"
Columbus 81 Productions,Bee Movie,157.75 million,"['Family', 'Animation', 'Adventure', 'Comedy']"
Moving Picture Company (MPC),Sunshine,52.58 million,"['Science Fiction', 'Thriller']"
Scholastic Productions,The Golden Compass,189.30 million,"['Adventure', 'Fantasy']"
Jessie Nelson Productions,Fred Claus,105.17 million,"['Action', 'Comedy', 'Drama']"
Totally Independent,The Cotton Club,121.74 million,"['Music', 'Drama', 'Crime', 'Romance']"
Dovemead Films,Superman III,85.38 million,"['Comedy', 'Action', 'Adventure', 'Fantasy', 'Science Fiction']"
B.H. Finance C.V.,Braveheart,103.03 million,"['Action', 'Drama', 'History', 'War']"
Walt Disney Feature Animation,Pocahontas,78.70 million,"['Adventure', 'Animation', 'Drama', 'Family']"
Lightstorm Entertainment,Strange Days,60.10 million,"['Crime', 'Drama', 'Science Fiction', 'Thriller']"
Centropolis Entertainment,Universal Soldier,35.74 million,"['Thriller', 'Action', 'Science Fiction', 'Crime']"
Centropolis Entertainment,Independence Day,104.27 million,"['Action', 'Adventure', 'Science Fiction']"
Courtside Seats Productions,Space Jam,111.22 million,"['Animation', 'Comedy', 'Drama', 'Family', 'Fantasy']"
Constant c Productions,Twister,127.90 million,"['Action', 'Adventure', 'Drama']"
Mill Film,Gladiator,130.43 million,"['Action', 'Drama', 'Adventure']"
Munich Film Partners & Company (MFP) MI2 Productions,Mission: Impossible II,158.29 million,"['Adventure', 'Action', 'Thriller']"
Walt Disney Feature Animation,The Emperor's New Groove,126.63 million,"['Adventure', 'Animation', 'Comedy', 'Family', 'Fantasy']"
Centropolis Entertainment,What Women Want,88.64 million,"['Comedy', 'Romance']"
Walt Disney Feature Animation,Dinosaur,161.45 million,"['Animation', 'Family']"
Centropolis Entertainment,The Patriot,139.29 million,"['Drama', 'History', 'War', 'Action']"
Jerry Bruckheimer Films,Coyote Ugly,56.98 million,['Comedy']
Jerry Bruckheimer Films,Gone In Sixty Seconds,113.97 million,"['Action', 'Crime', 'Thriller']"
Jerry Bruckheimer Films,Remember the Titans,37.99 million,['Drama']
Mars Production Pty. Ltd.,Red Planet,101.30 million,"['Thriller', 'Action', 'Science Fiction']"
Red Horizon Productions,Mission to Mars,113.97 million,['Science Fiction']
Radiant Productions,The Perfect Storm,151.96 million,['Drama']
Cruella Productions,102 Dalmatians,107.63 million,"['Comedy', 'Family']"
Screenland Pictures,Supernova,113.97 million,['Science Fiction']
Donners' Company,X-Men,94.97 million,"['Adventure', 'Action', 'Science Fiction']"
Jerry Bruckheimer Films,Armageddon,187.28 million,"['Action', 'Thriller', 'Science Fiction', 'Adventure']"
Walt Disney Feature Animation,Mulan,120.39 million,"['Animation', 'Family', 'Adventure']"
Jerry Bruckheimer Films,Enemy of the State,120.39 million,"['Action', 'Drama', 'Thriller']"
No Such Productions,Enemy of the State,120.39 million,"['Action', 'Drama', 'Thriller']"
Manhattan Project,Deep Impact,100.33 million,"['Action', 'Adventure', 'Drama', 'Romance', 'Science Fiction']"
Irwin Allen Productions,Lost in Space,107.02 million,"['Adventure', 'Family', 'Science Fiction']"
Fried Films,Godzilla,173.90 million,"['Science Fiction', 'Action', 'Thriller']"
Stargate Studios,Practical Magic,100.33 million,"['Drama', 'Fantasy', 'Comedy']"
Constant c Productions,Sphere,100.33 million,['Science Fiction']
Syncopy,Following,22.72 million,"['Crime', 'Drama', 'Thriller']"
Lightstorm Entertainment,The Abyss,123.13 million,"['Adventure', 'Action', 'Thriller', 'Science Fiction']"
Lightstorm Entertainment,Terminator 2: Judgment Day,160.11 million,"['Action', 'Thriller', 'Science Fiction']"
T2 Productions,Terminator 2: Judgment Day,160.11 million,"['Action', 'Thriller', 'Science Fiction']"
Walt Disney Feature Animation,Who Framed Roger Rabbit,129.07 million,"['Fantasy', 'Animation', 'Comedy', 'Crime', 'Family']"
Irwin Allen Productions,The Towering Inferno,61.91 million,"['Action', 'Thriller']"
Walt Disney Feature Animation,The Rescuers Down Under,63.30 million,"['Adventure', 'Animation', 'Crime', 'Family', 'Fantasy']"
Oak Productions,Last Action Hero,128.30 million,"['Adventure', 'Fantasy', 'Action', 'Comedy', 'Family']"
Cliffhanger Productions,Cliffhanger,105.66 million,"['Action', 'Adventure', 'Thriller']"
MKH,The Dirty Dozen,163.42 million,"['Action', 'Adventure', 'War']"
MCL Films S.A.,Cleopatra,221.54 million,"['Drama', 'History', 'Romance']"
Walwa Films S.A.,Cleopatra,221.54 million,"['Drama', 'History', 'Romance']"
George Stevens Productions,The Greatest Story Ever Told,138.41 million,"['Drama', 'History']"
Dovemead Films,Superman,183.85 million,"['Adventure', 'Fantasy', 'Action', 'Science Fiction']"
Film Export A.G.,Superman,183.85 million,"['Adventure', 'Fantasy', 'Action', 'Science Fiction']"
Thalia AG,The Bible: In the Beginning...,120.92 million,['Drama']
